{
    "todos": [],
    "leyendas": [
      { "nombre": "José José", "imagen": "https://upload.wikimedia.org/wikipedia/commons/7/7c/Jose_Jose_1981.jpg" },
      { "nombre": "Pink Floyd", "imagen": "https://upload.wikimedia.org/wikipedia/en/3/3b/Dark_Side_of_the_Moon.png" },
      { "nombre": "Queen", "imagen": "https://upload.wikimedia.org/wikipedia/en/0/05/Queen_Queen.png" },
      { "nombre": "Juan Gabriel", "imagen": "https://upload.wikimedia.org/wikipedia/commons/1/17/Juan_Gabriel_en_concierto.jpg" },
      { "nombre": "Rocío Dúrcal", "imagen": "https://upload.wikimedia.org/wikipedia/commons/3/35/Roc%C3%ADo_D%C3%BArcal_en_1983.jpg" },
      { "nombre": "Daft Punk", "imagen": "https://upload.wikimedia.org/wikipedia/en/0/0d/Daft_Punk_-_Random_Access_Memories.png" },
      { "nombre": "Nirvana", "imagen": "https://upload.wikimedia.org/wikipedia/en/b/b7/NirvanaNevermindalbumcover.jpg" },
      { "nombre": "Lana Del Rey", "imagen": "https://upload.wikimedia.org/wikipedia/en/6/6b/Lana_Del_Rey_-_Did_You_Know_That_There%27s_a_Tunnel_Under_Ocean_Blvd.png" },
      { "nombre": "The Beatles", "imagen": "https://upload.wikimedia.org/wikipedia/en/4/42/Beatles_-_Abbey_Road.jpg" }
    ],
    "mas_escuchados": [
      { 
        "titulo": "The Dark Side of the Moon", 
        "artista": "Pink Floyd", 
        "imagen": "https://upload.wikimedia.org/wikipedia/en/3/3b/Dark_Side_of_the_Moon.png",
        "badge": ""
      },
      { 
        "titulo": "Abbey Road (Super Deluxe Edition)", 
        "artista": "The Beatles", 
        "imagen": "https://upload.wikimedia.org/wikipedia/en/4/42/Beatles_-_Abbey_Road.jpg",
        "badge": "Super Deluxe Edition"
      }
    ],
    "baul": [
      { 
        "titulo": "What's Going On", 
        "artista": "Marvin Gaye", 
        "imagen": "https://upload.wikimedia.org/wikipedia/en/8/84/MarvinGayeWhat%27sGoingOnalbumcover.jpg",
        "color": "#3a3a3a"
      },
      { 
        "titulo": "Blue", 
        "artista": "Joni Mitchell", 
        "imagen": "https://upload.wikimedia.org/wikipedia/en/3/3b/Bluealbumcover.jpg",
        "color": "#2a2a3a"
      },
      { 
        "titulo": "Bridge Over Troubled Water", 
        "artista": "Simon & Garfunkel", 
        "imagen": "https://upload.wikimedia.org/wikipedia/en/d/df/Simon_%26_Garfunkel%2C_Bridge_Over_Troubled_Water.jpg",
        "color": "#3a3a3a"
      }
    ],
    "joyas": [
      { 
        "titulo": "Did You Know...", 
        "artista": "Lana Del Rey", 
        "imagen": "https://upload.wikimedia.org/wikipedia/en/6/6b/Lana_Del_Rey_-_Did_You_Know_That_There%27s_a_Tunnel_Under_Ocean_Blvd.png",
        "color": "#3a3a3a"
      },
      { 
        "titulo": "The Car", 
        "artista": "Arctic Monkeys", 
        "imagen": "https://upload.wikimedia.org/wikipedia/en/f/f4/The_Car_-_Arctic_Monkeys.png",
        "color": "#3a3a3a"
      },
      { 
        "titulo": "Midnights", 
        "artista": "Taylor Swift", 
        "imagen": "https://upload.wikimedia.org/wikipedia/en/8/8f/Taylor_Swift_-_Midnights.png",
        "color": "#f0f0f0"
      }
    ],
    "generos": [
      { "nombre": "Rock Clásico", "color": "bg-[#9b2f4a]" },
      { "nombre": "Soul & Motown", "color": "bg-yellow-500" },
      { "nombre": "Funk", "color": "bg-orange-600" },
      { "nombre": "Jazz", "color": "bg-[#1f4f6f]" },
      { "nombre": "Blues", "color": "bg-[#2a3a5a]" },
      { "nombre": "Disco", "color": "bg-pink-600" },
      { "nombre": "Pop Retro", "color": "bg-pink-300" },
      { "nombre": "Psychedelic Rock", "color": "bg-lime-400" },
      { "nombre": "Folk", "color": "bg-[#7a5a3a]" },
      { "nombre": "Reggae & Dub", "color": "bg-lime-600" },
      { "nombre": "Post-Punk / New Wave", "color": "bg-[#3a3a3a]" },
      { "nombre": "R&B Clásico", "color": "bg-purple-600" },
      { "nombre": "Garage Rock", "color": "bg-[#b33a1a]" },
      { "nombre": "Experimental", "color": "bg-yellow-400" },
      { "nombre": "Latin Vintage", "color": "bg-[#b33a3a]" }
    ],
    "decadas": [
      { "nombre": "1950s", "color": "bg-pink-300" },
      { "nombre": "1960s", "color": "bg-yellow-400" },
      { "nombre": "1970s", "color": "bg-[#8b4a0e]" },
      { "nombre": "1980s", "color": "bg-fuchsia-400" },
      { "nombre": "1990s", "color": "bg-orange-600" },
      { "nombre": "2000s y 2010s", "color": "bg-sky-400" }
    ]
  }